Name,Specialty,Hospital/Clinic,Address,City,Phone,Experience_Years
Dr. Kavita Patil,Nephrologist,Patil Medical Centre,158 Ambedkar Street Andheri West Mumbai Maharashtra,Mumbai,8080211221,30
Dr. Anjali Reddy,Cardiologist,Reddy Hospital,200 SV Road Bandra West Mumbai Maharashtra,Mumbai,9892897081,16
Dr. Pooja Shah,Endocrinologist,Shah Polyclinic,119 Gandhi Colony Kurla Mumbai Maharashtra,Mumbai,8976217841,14
Dr. Lata Kulkarni,Gynecologist,Kulkarni Medical Centre,173 SV Nagar Kandivali Mumbai Maharashtra,Mumbai,7045989053,19
Dr. Anjali Patil,Orthopedic Surgeon,Patil Nursing Home,131 MG Lane Kurla Mumbai Maharashtra,Mumbai,8080752190,6
Dr. Anil Shah,Ophthalmologist,Shah Polyclinic,51 MG Colony Kurla Mumbai Maharashtra,Mumbai,9821530712,8
Dr. Rekha Menon,Orthopedic Surgeon,Menon Polyclinic,118 Tilak Road Kandivali Mumbai Maharashtra,Mumbai,7045140900,11
Dr. Deepak Trivedi,Psychiatrist,Trivedi Medical Centre,193 LBS Road Malad Mumbai Maharashtra,Mumbai,9820375348,7
Dr. Kiran Reddy,Nephrologist,Reddy Hospital,194 Ambedkar Road Goregaon Mumbai Maharashtra,Mumbai,7045812619,16
Dr. Suresh Sharma,Urologist,Sharma Healthcare Centre,82 Ambedkar Marg Chembur Mumbai Maharashtra,Mumbai,9867397317,29
Dr. Rekha Kulkarni,Cardiologist,Kulkarni Medical Centre,135 Tilak Marg Goregaon Mumbai Maharashtra,Mumbai,7045614464,33
Dr. Pooja Patel,Orthopedic Surgeon,Patel Medical Centre,160 MG Lane Worli Mumbai Maharashtra,Mumbai,9920719830,29
Dr. Shweta Singh,Cardiologist,Singh Clinic,135 Gandhi Colony Ghatkopar Mumbai Maharashtra,Mumbai,9920160940,24
Dr. Kavita Kulkarni,ENT Specialist,Kulkarni Medical Centre,192 Ambedkar Nagar Dadar Mumbai Maharashtra,Mumbai,8080834514,26
Dr. Ravi Reddy,Gastroenterologist,Reddy Clinic,81 MG Street Dadar Mumbai Maharashtra,Mumbai,9833686100,20
Dr. Shweta Rao,Dermatologist,Rao Clinic,150 Gandhi Colony Goregaon Mumbai Maharashtra,Mumbai,9821238743,24
Dr. Gaurav Kulkarni,Cardiologist,Kulkarni Polyclinic,103 Nehru Road Bandra West Mumbai Maharashtra,Mumbai,9867717669,28
Dr. Manoj Rao,Psychiatrist,Rao Healthcare Centre,91 MG Street Andheri West Mumbai Maharashtra,Mumbai,9820431111,24
Dr. Rekha Trivedi,Pediatrician,Trivedi Nursing Home,102 Gandhi Street Bandra West Mumbai Maharashtra,Mumbai,9892198664,25
Dr. Gaurav Verma,Pediatrician,Verma Clinic,191 LBS Marg Bandra West Mumbai Maharashtra,Mumbai,9821724513,34
Dr. Manoj Joshi,Orthopedic Surgeon,Joshi Hospital,17 SV Lane Goregaon Mumbai Maharashtra,Mumbai,9867924765,12
Dr. Meera Mehta,Urologist,Mehta Nursing Home,189 Gandhi Road Malad Mumbai Maharashtra,Mumbai,8080842901,23
Dr. Amit Rao,Pediatrician,Rao Nursing Home,153 Ambedkar Lane Kurla Mumbai Maharashtra,Mumbai,8080420401,16
Dr. Rajesh Desai,General Physician,Desai Clinic,33 LBS Marg Kandivali Mumbai Maharashtra,Mumbai,9821652983,8
Dr. Nikhil Singh,Neurologist,Singh Hospital,104 Tilak Colony Malad Mumbai Maharashtra,Mumbai,8080893783,23
Dr. Manoj Nair,Urologist,Nair Nursing Home,189 MG Nagar Kandivali Mumbai Maharashtra,Mumbai,8976181069,13
Dr. Kiran Kulkarni,Pulmonologist,Kulkarni Healthcare Centre,160 Gandhi Nagar Andheri West Mumbai Maharashtra,Mumbai,8976826479,11
Dr. Suresh Reddy,Pediatrician,Reddy Clinic,41 MG Marg Kandivali Mumbai Maharashtra,Mumbai,7021552634,13
Dr. Kavita Joshi,Neurologist,Joshi Healthcare Centre,134 MG Marg Malad Mumbai Maharashtra,Mumbai,7021241497,18
Dr. Ravi Singh,Gynecologist,Singh Hospital,31 Savarkar Street Ghatkopar Mumbai Maharashtra,Mumbai,8080552064,12
Dr. Anil Gupta,Neurologist,Gupta Hospital,49 Gandhi Colony Bandra West Mumbai Maharashtra,Mumbai,9821744485,23
Dr. Rekha Nair,ENT Specialist,Nair Medical Centre,144 Gandhi Lane Dadar Mumbai Maharashtra,Mumbai,8976563689,14
Dr. Lata Mehta,ENT Specialist,Mehta Polyclinic,136 MG Nagar Andheri West Mumbai Maharashtra,Mumbai,7045771754,16
Dr. Sanjay Sharma,Pediatrician,Sharma Hospital,48 SV Marg Malad Mumbai Maharashtra,Mumbai,9920666271,18
Dr. Anjali Mishra,Psychiatrist,Mishra Clinic,132 Ambedkar Colony Kurla Mumbai Maharashtra,Mumbai,7021836563,33
Dr. Nikhil Shah,Pediatrician,Shah Nursing Home,78 LBS Colony Andheri West Mumbai Maharashtra,Mumbai,9821759062,16
Dr. Shweta Patil,ENT Specialist,Patil Nursing Home,144 Savarkar Nagar Goregaon Mumbai Maharashtra,Mumbai,8080983053,11
Dr. Deepak Shah,Gynecologist,Shah Polyclinic,197 Nehru Colony Bandra West Mumbai Maharashtra,Mumbai,9820690178,25
Dr. Anjali Iyer,Psychiatrist,Iyer Medical Centre,23 Gandhi Road Kandivali Mumbai Maharashtra,Mumbai,7021994885,33
Dr. Lata Menon,Urologist,Menon Nursing Home,120 Gandhi Marg Goregaon Mumbai Maharashtra,Mumbai,9821167973,17
Dr. Sanjay Desai,General Physician,Desai Nursing Home,31 Savarkar Road Kandivali Mumbai Maharashtra,Mumbai,9892496904,29
Dr. Lata Desai,Urologist,Desai Nursing Home,55 Ambedkar Nagar Borivali Mumbai Maharashtra,Mumbai,8976313211,28
Dr. Nisha Rao,Ophthalmologist,Rao Medical Centre,64 SV Nagar Goregaon Mumbai Maharashtra,Mumbai,7045398381,32
Dr. Lata Joshi,Psychiatrist,Joshi Nursing Home,138 Tilak Colony Dadar Mumbai Maharashtra,Mumbai,9867171753,15
Dr. Nisha Singh,Ophthalmologist,Singh Healthcare Centre,43 SV Marg Ghatkopar Mumbai Maharashtra,Mumbai,9821237858,10
Dr. Asha Shah,Gastroenterologist,Shah Medical Centre,166 Tilak Marg Andheri West Mumbai Maharashtra,Mumbai,7021441839,30
Dr. Divya Shah,Orthopedic Surgeon,Shah Healthcare Centre,75 Nehru Nagar Bandra West Mumbai Maharashtra,Mumbai,9820718014,20
Dr. Meera Tiwari,Gastroenterologist,Tiwari Polyclinic,169 MG Road Borivali Mumbai Maharashtra,Mumbai,7045951853,26
Dr. Nikhil Gupta,Pulmonologist,Gupta Medical Centre,2 Savarkar Colony Kandivali Mumbai Maharashtra,Mumbai,9820265197,5
Dr. Meera Patel,Cardiologist,Patel Polyclinic,82 LBS Lane Chembur Mumbai Maharashtra,Mumbai,7045817354,16
Dr. Suresh Mehta,Ophthalmologist,Mehta Healthcare Centre,97 Ambedkar Lane Kandivali Mumbai Maharashtra,Mumbai,8080950195,16
Dr. Asha Desai,Urologist,Desai Clinic,60 Gandhi Lane Dadar Mumbai Maharashtra,Mumbai,9892868770,34
Dr. Anjali Sharma,Nephrologist,Sharma Nursing Home,200 LBS Road Chembur Mumbai Maharashtra,Mumbai,7021995344,7
Dr. Ravi Menon,Neurologist,Menon Polyclinic,121 Gandhi Nagar Dadar Mumbai Maharashtra,Mumbai,8080211417,25
Dr. Manoj Kulkarni,Psychiatrist,Kulkarni Polyclinic,130 Tilak Colony Kurla Mumbai Maharashtra,Mumbai,7021973047,17
Dr. Nikhil Menon,General Physician,Menon Healthcare Centre,127 MG Nagar Lower Parel Mumbai Maharashtra,Mumbai,9920508581,10
Dr. Amit Patel,Pediatrician,Patel Medical Centre,62 Gandhi Nagar Chembur Mumbai Maharashtra,Mumbai,9920254084,33
Dr. Vishal Singh,Endocrinologist,Singh Clinic,164 SV Marg Malad Mumbai Maharashtra,Mumbai,7045313640,33
Dr. Neha Mishra,ENT Specialist,Mishra Healthcare Centre,93 MG Road Kurla Mumbai Maharashtra,Mumbai,9833745444,23
Dr. Rahul Trivedi,Orthopedic Surgeon,Trivedi Hospital,140 Savarkar Lane Ghatkopar Mumbai Maharashtra,Mumbai,9920354487,29
Dr. Smita Patel,ENT Specialist,Patel Clinic,97 Tilak Colony Ghansoli Navi Mumbai Maharashtra,Navi Mumbai,9833934009,5
Dr. Asha Gupta,ENT Specialist,Gupta Healthcare Centre,175 Savarkar Colony Panvel Navi Mumbai Maharashtra,Navi Mumbai,9892923409,17
Dr. Rahul Iyer,Urologist,Iyer Healthcare Centre,161 SV Nagar Nerul Navi Mumbai Maharashtra,Navi Mumbai,8080716198,33
Dr. Kavita Bose,Endocrinologist,Bose Healthcare Centre,83 Savarkar Colony Ghansoli Navi Mumbai Maharashtra,Navi Mumbai,9920178011,16
Dr. Anil Iyer,Gastroenterologist,Iyer Clinic,66 SV Nagar Kharghar Navi Mumbai Maharashtra,Navi Mumbai,9867163320,9
Dr. Shweta Iyer,Gastroenterologist,Iyer Hospital,116 Savarkar Colony Panvel Navi Mumbai Maharashtra,Navi Mumbai,7045749595,10
Dr. Nikhil Sharma,Gastroenterologist,Sharma Nursing Home,103 Savarkar Road Panvel Navi Mumbai Maharashtra,Navi Mumbai,9892735783,32
Dr. Rekha Bose,General Physician,Bose Healthcare Centre,5 Gandhi Road Airoli Navi Mumbai Maharashtra,Navi Mumbai,8976238862,7
Dr. Ravi Trivedi,Orthopedic Surgeon,Trivedi Polyclinic,30 Gandhi Road Vashi Navi Mumbai Maharashtra,Navi Mumbai,9820912829,11
Dr. Rahul Nair,Endocrinologist,Nair Nursing Home,72 Tilak Street Nerul Navi Mumbai Maharashtra,Navi Mumbai,9867579758,28
Dr. Gaurav Desai,Dermatologist,Desai Healthcare Centre,143 LBS Road Kopar Khairane Navi Mumbai Maharashtra,Navi Mumbai,9820100398,34
Dr. Ravi Verma,Urologist,Verma Polyclinic,31 Gandhi Lane Kopar Khairane Navi Mumbai Maharashtra,Navi Mumbai,8976411686,9
Dr. Arjun Desai,Psychiatrist,Desai Clinic,90 Gandhi Street Panvel Navi Mumbai Maharashtra,Navi Mumbai,9820482811,26
Dr. Lata Sharma,Gynecologist,Sharma Clinic,87 MG Colony Kopar Khairane Navi Mumbai Maharashtra,Navi Mumbai,9821961632,11
Dr. Deepak Patel,Psychiatrist,Patel Clinic,183 LBS Colony Panvel Navi Mumbai Maharashtra,Navi Mumbai,7021873933,25
Dr. Gaurav Sharma,Dermatologist,Sharma Clinic,6 Savarkar Lane Nerul Navi Mumbai Maharashtra,Navi Mumbai,9820878617,33
Dr. Manoj Tiwari,Gynecologist,Tiwari Polyclinic,37 SV Street Airoli Navi Mumbai Maharashtra,Navi Mumbai,9821468211,24
Dr. Asha Trivedi,Gynecologist,Trivedi Clinic,23 Savarkar Road Belapur Navi Mumbai Maharashtra,Navi Mumbai,7045707842,13
Dr. Arjun Rao,Gynecologist,Rao Polyclinic,189 Gandhi Colony Kopar Khairane Navi Mumbai Maharashtra,Navi Mumbai,7021786641,21
Dr. Manoj Iyer,ENT Specialist,Iyer Nursing Home,172 SV Colony Panvel Navi Mumbai Maharashtra,Navi Mumbai,9920905892,9
Dr. Rajesh Mehta,Nephrologist,Mehta Hospital,100 MG Street Ghansoli Navi Mumbai Maharashtra,Navi Mumbai,7021102982,6
Dr. Nisha Trivedi,Pediatrician,Trivedi Hospital,103 Nehru Nagar Kopar Khairane Navi Mumbai Maharashtra,Navi Mumbai,7045432003,6
Dr. Arjun Menon,General Physician,Menon Clinic,193 Ambedkar Street Kopar Khairane Navi Mumbai Maharashtra,Navi Mumbai,9920602766,30
Dr. Sunita Patel,Pulmonologist,Patel Nursing Home,4 Gandhi Marg Airoli Navi Mumbai Maharashtra,Navi Mumbai,9920823380,33
Dr. Kiran Trivedi,Gastroenterologist,Trivedi Hospital,183 Savarkar Colony Nerul Navi Mumbai Maharashtra,Navi Mumbai,8976845895,25
Dr. Sneha Menon,ENT Specialist,Menon Nursing Home,127 Savarkar Lane Vashi Navi Mumbai Maharashtra,Navi Mumbai,9920278974,29
Dr. Sneha Sharma,Gastroenterologist,Sharma Clinic,150 LBS Colony Nerul Navi Mumbai Maharashtra,Navi Mumbai,9820804860,27
Dr. Priya Mehta,Neurologist,Mehta Hospital,113 Savarkar Nagar Nerul Navi Mumbai Maharashtra,Navi Mumbai,7021599082,20
Dr. Sunita Rao,Pediatrician,Rao Polyclinic,33 Nehru Road Panvel Navi Mumbai Maharashtra,Navi Mumbai,7021391165,33
Dr. Nikhil Mehta,Ophthalmologist,Mehta Nursing Home,85 MG Colony Vashi Navi Mumbai Maharashtra,Navi Mumbai,8976955570,23
Dr. Sneha Rao,General Physician,Rao Healthcare Centre,107 MG Street Panvel Navi Mumbai Maharashtra,Navi Mumbai,9867698877,21
Dr. Divya Nair,Dermatologist,Nair Nursing Home,22 SV Nagar Ghansoli Navi Mumbai Maharashtra,Navi Mumbai,9833613725,17
Dr. Divya Iyer,Endocrinologist,Iyer Clinic,78 Ambedkar Street Vashi Navi Mumbai Maharashtra,Navi Mumbai,9833649619,16
Dr. Deepak Rao,Gynecologist,Rao Healthcare Centre,34 Tilak Marg Kopar Khairane Navi Mumbai Maharashtra,Navi Mumbai,7045421426,10
Dr. Gaurav Gupta,Cardiologist,Gupta Hospital,70 SV Road Nerul Navi Mumbai Maharashtra,Navi Mumbai,9833564526,11
Dr. Asha Verma,Neurologist,Verma Polyclinic,133 Gandhi Colony Airoli Navi Mumbai Maharashtra,Navi Mumbai,9867885943,24
Dr. Asha Patel,Endocrinologist,Patel Healthcare Centre,184 LBS Marg Panvel Navi Mumbai Maharashtra,Navi Mumbai,9820500036,12
Dr. Meera Patil,Cardiologist,Patil Hospital,193 LBS Marg Panvel Navi Mumbai Maharashtra,Navi Mumbai,8080822862,28
Dr. Vikram Desai,ENT Specialist,Desai Medical Centre,195 SV Marg Nerul Navi Mumbai Maharashtra,Navi Mumbai,7021696047,8
Dr. Nikhil Tiwari,General Physician,Tiwari Medical Centre,112 Ambedkar Nagar Panvel Navi Mumbai Maharashtra,Navi Mumbai,9833217367,6
Dr. Rajesh Patil,Pulmonologist,Patil Healthcare Centre,177 Ambedkar Road Vashi Navi Mumbai Maharashtra,Navi Mumbai,7045636545,34
Dr. Suresh Joshi,Dermatologist,Joshi Hospital,42 SV Lane Kopar Khairane Navi Mumbai Maharashtra,Navi Mumbai,8976991263,13
Dr. Sunita Trivedi,Neurologist,Trivedi Polyclinic,61 Savarkar Street Kharghar Navi Mumbai Maharashtra,Navi Mumbai,9892888595,22
Dr. Nisha Patil,Psychiatrist,Patil Polyclinic,131 Gandhi Marg Kopar Khairane Navi Mumbai Maharashtra,Navi Mumbai,7021165825,35
Dr. Amit Desai,General Physician,Desai Nursing Home,50 Tilak Colony Nerul Navi Mumbai Maharashtra,Navi Mumbai,7045552964,22
Dr. Rekha Verma,Gastroenterologist,Verma Hospital,91 Tilak Lane Ghansoli Navi Mumbai Maharashtra,Navi Mumbai,9820775061,17
Dr. Nisha Reddy,Gastroenterologist,Reddy Medical Centre,64 Savarkar Road Belapur Navi Mumbai Maharashtra,Navi Mumbai,7045205877,21
Dr. Nisha Sharma,Pediatrician,Sharma Clinic,1 LBS Lane Kopar Khairane Navi Mumbai Maharashtra,Navi Mumbai,7021536033,30
Dr. Gaurav Singh,ENT Specialist,Singh Polyclinic,137 Tilak Lane Panvel Navi Mumbai Maharashtra,Navi Mumbai,9820127606,34
Dr. Smita Iyer,Cardiologist,Iyer Polyclinic,45 MG Street Kopar Khairane Navi Mumbai Maharashtra,Navi Mumbai,9833475998,26
Dr. Vikram Reddy,Gastroenterologist,Reddy Hospital,190 Tilak Road Kalyan Thane Maharashtra,Thane,7021400076,13
Dr. Vikram Menon,Urologist,Menon Polyclinic,65 SV Lane Thane West Thane Maharashtra,Thane,8080783781,31
Dr. Suresh Singh,Gynecologist,Singh Healthcare Centre,113 MG Colony Mumbra Thane Maharashtra,Thane,7045276691,24
Dr. Kiran Singh,Endocrinologist,Singh Nursing Home,179 Nehru Lane Dombivli Thane Maharashtra,Thane,7021636957,34
Dr. Shweta Gupta,Dermatologist,Gupta Nursing Home,159 Ambedkar Nagar Mumbra Thane Maharashtra,Thane,8976694995,10
Dr. Arjun Patil,Cardiologist,Patil Hospital,95 MG Marg Dombivli Thane Maharashtra,Thane,9821811046,5
Dr. Rahul Gupta,Gynecologist,Gupta Clinic,179 Savarkar Road Kalyan Thane Maharashtra,Thane,8080776599,35
Dr. Priya Bose,Gastroenterologist,Bose Medical Centre,150 Nehru Colony Kalwa Thane Maharashtra,Thane,9820146941,26
Dr. Shweta Joshi,Gynecologist,Joshi Nursing Home,153 Ambedkar Lane Ulhasnagar Thane Maharashtra,Thane,9820305331,11
Dr. Smita Singh,ENT Specialist,Singh Nursing Home,156 LBS Lane Ulhasnagar Thane Maharashtra,Thane,8976341212,15
Dr. Deepak Mishra,General Physician,Mishra Clinic,186 Tilak Road Mumbra Thane Maharashtra,Thane,9833919296,26
Dr. Rekha Patel,Nephrologist,Patel Medical Centre,29 LBS Lane Kalyan Thane Maharashtra,Thane,9820133290,21
Dr. Rajesh Mishra,Cardiologist,Mishra Hospital,178 MG Marg Bhiwandi Thane Maharashtra,Thane,9820140078,31
Dr. Priya Kulkarni,Ophthalmologist,Kulkarni Clinic,73 SV Colony Kalwa Thane Maharashtra,Thane,8976381815,17
Dr. Pooja Mishra,Psychiatrist,Mishra Polyclinic,109 Gandhi Marg Thane East Thane Maharashtra,Thane,9821551705,25
Dr. Vishal Iyer,Gynecologist,Iyer Nursing Home,104 Tilak Street Ulhasnagar Thane Maharashtra,Thane,9820807133,12
Dr. Rahul Joshi,Nephrologist,Joshi Healthcare Centre,1 LBS Road Kalwa Thane Maharashtra,Thane,9833198774,17
Dr. Sneha Patil,Pediatrician,Patil Nursing Home,139 Ambedkar Lane Bhiwandi Thane Maharashtra,Thane,7021614099,27
Dr. Meera Singh,Gastroenterologist,Singh Healthcare Centre,71 LBS Nagar Kalyan Thane Maharashtra,Thane,9920703193,35
Dr. Suresh Menon,Gastroenterologist,Menon Healthcare Centre,101 Savarkar Street Kalyan Thane Maharashtra,Thane,9892534824,28
Dr. Ravi Gupta,Dermatologist,Gupta Nursing Home,75 MG Road Thane East Thane Maharashtra,Thane,9821613040,7
Dr. Nisha Joshi,Urologist,Joshi Hospital,107 Gandhi Street Thane East Thane Maharashtra,Thane,9920467923,24
Dr. Manoj Reddy,Nephrologist,Reddy Polyclinic,173 Nehru Lane Bhiwandi Thane Maharashtra,Thane,7045839197,17
Dr. Sunita Bose,ENT Specialist,Bose Healthcare Centre,2 Tilak Street Mumbra Thane Maharashtra,Thane,9867556326,18
Dr. Nikhil Patel,Psychiatrist,Patel Nursing Home,79 Ambedkar Nagar Mumbra Thane Maharashtra,Thane,7045298481,31
Dr. Divya Joshi,Dermatologist,Joshi Clinic,110 SV Marg Thane East Thane Maharashtra,Thane,9821614258,5
Dr. Vikram Bose,Urologist,Bose Medical Centre,76 Ambedkar Lane Thane West Thane Maharashtra,Thane,9820790169,8
Dr. Priya Sharma,General Physician,Sharma Healthcare Centre,25 SV Marg Thane West Thane Maharashtra,Thane,8976838276,15
Dr. Rekha Gupta,Gynecologist,Gupta Healthcare Centre,12 SV Nagar Thane East Thane Maharashtra,Thane,9820934339,14
Dr. Asha Bose,Pediatrician,Bose Healthcare Centre,79 Savarkar Marg Thane West Thane Maharashtra,Thane,9920560226,32
Dr. Priya Rao,Nephrologist,Rao Hospital,195 LBS Nagar Ulhasnagar Thane Maharashtra,Thane,8080711049,34
Dr. Rahul Singh,Orthopedic Surgeon,Singh Clinic,166 LBS Road Bhiwandi Thane Maharashtra,Thane,7021948566,18
Dr. Ravi Mehta,Orthopedic Surgeon,Mehta Healthcare Centre,86 Ambedkar Road Mumbra Thane Maharashtra,Thane,9920637262,35
Dr. Neha Bose,General Physician,Bose Nursing Home,142 Savarkar Nagar Kalwa Thane Maharashtra,Thane,7045129223,27
Dr. Suresh Trivedi,ENT Specialist,Trivedi Hospital,8 Ambedkar Road Ulhasnagar Thane Maharashtra,Thane,9820718679,32
Dr. Rahul Rao,ENT Specialist,Rao Healthcare Centre,148 Ambedkar Road Ulhasnagar Thane Maharashtra,Thane,8080243046,26
Dr. Arjun Verma,Pediatrician,Verma Clinic,129 Gandhi Colony Kalyan Thane Maharashtra,Thane,9821303039,29
Dr. Ravi Bose,ENT Specialist,Bose Healthcare Centre,172 SV Nagar Thane East Thane Maharashtra,Thane,7045864791,7
Dr. Gaurav Trivedi,Ophthalmologist,Trivedi Polyclinic,180 Nehru Road Thane East Thane Maharashtra,Thane,8080618775,28
Dr. Neha Menon,Pediatrician,Menon Medical Centre,61 MG Nagar Thane West Thane Maharashtra,Thane,8976877005,7
